,Dominant_Topic,Topic_Keywords,Num_Documents,Perc_Documents
0.0,11.0,"long, county, island, people, project, land, live, thing, sound, westchester",66.0,0.0674
1.0,16.0,"state, year, pay, jersey, time, long, make, local, family, change",80.0,0.0817
2.0,12.0,"city, million, plan, space, mayor, bloomberg, park, york, center, site",66.0,0.0674
3.0,11.0,"long, county, island, people, project, land, live, thing, sound, westchester",28.0,0.0286
4.0,2.0,"drug, health, report, study, year, medical, treatment, find, agency, patient",34.0,0.0347
5.0,8.0,"bill, senate, house, congress, pass, senator, law, measure, committee, support",61.0,0.0623
6.0,0.0,"united, country, states, world, nuclear, program, weapon, china, international, iran",76.0,0.0776
7.0,0.0,"united, country, states, world, nuclear, program, weapon, china, international, iran",56.0,0.0572
8.0,12.0,"city, million, plan, space, mayor, bloomberg, park, york, center, site",32.0,0.0327
9.0,5.0,"work, people, worker, police, day, immigration, immigrant, year, man, -PRON-",39.0,0.0398
10.0,6.0,"court, law, judge, case, rule, justice, legal, prison, supreme_court, decision",36.0,0.0368
11.0,9.0,"school, child, high, state, student, education, make, find, problem, work",62.0,0.0633
12.0,12.0,"city, million, plan, space, mayor, bloomberg, park, york, center, site",65.0,0.0664
13.0,2.0,"drug, health, report, study, year, medical, treatment, find, agency, patient",71.0,0.0725
14.0,4.0,"official, department, public, report, case, question, office, ms, fire, government",69.0,0.0705
15.0,14.0,"iraq, american, war, military, force, iraqi, government, troop, washington, leader",53.0,0.0541
16.0,7.0,"trade, price, company, market, high, job, year, economic, american, economy",31.0,0.0317
17.0,14.0,"iraq, american, war, military, force, iraqi, government, troop, washington, leader",54.0,0.0552
18.0,17.0,"plant, power, energy, emission, fuel, control, reduce, clean, make, technology",,
19.0,5.0,"work, people, worker, police, day, immigration, immigrant, year, man, -PRON-",,
20.0,13.0,"tax, billion, budget, cut, cost, money, year, pay, million, care",,
21.0,12.0,"city, million, plan, space, mayor, bloomberg, park, york, center, site",,
22.0,5.0,"work, people, worker, police, day, immigration, immigrant, year, man, -PRON-",,
23.0,1.0,"state, york, public, governor, reform, spitzer, albany, legislator, money, campaign",,
24.0,5.0,"work, people, worker, police, day, immigration, immigrant, year, man, -PRON-",,
25.0,8.0,"bill, senate, house, congress, pass, senator, law, measure, committee, support",,
26.0,9.0,"school, child, high, state, student, education, make, find, problem, work",,
27.0,14.0,"iraq, american, war, military, force, iraqi, government, troop, washington, leader",,
28.0,14.0,"iraq, american, war, military, force, iraqi, government, troop, washington, leader",,
29.0,3.0,"bush, president, administration, policy, security, national, congress, white_house, americans, nation",,
30.0,9.0,"school, child, high, state, student, education, make, find, problem, work",,
31.0,14.0,"iraq, american, war, military, force, iraqi, government, troop, washington, leader",,
32.0,14.0,"iraq, american, war, military, force, iraqi, government, troop, washington, leader",,
33.0,14.0,"iraq, american, war, military, force, iraqi, government, troop, washington, leader",,
34.0,14.0,"iraq, american, war, military, force, iraqi, government, troop, washington, leader",,
35.0,1.0,"state, york, public, governor, reform, spitzer, albany, legislator, money, campaign",,
36.0,3.0,"bush, president, administration, policy, security, national, congress, white_house, americans, nation",,
37.0,14.0,"iraq, american, war, military, force, iraqi, government, troop, washington, leader",,
38.0,8.0,"bill, senate, house, congress, pass, senator, law, measure, committee, support",,
39.0,10.0,"israel, talk, government, palestinian, political, peace, hope, long, step, leader",,
40.0,15.0,"election, vote, voter, party, political, candidate, democratic, state, republican, record",,
41.0,8.0,"bill, senate, house, congress, pass, senator, law, measure, committee, support",,
42.0,3.0,"bush, president, administration, policy, security, national, congress, white_house, americans, nation",,
43.0,13.0,"tax, billion, budget, cut, cost, money, year, pay, million, care",,
44.0,8.0,"bill, senate, house, congress, pass, senator, law, measure, committee, support",,
45.0,12.0,"city, million, plan, space, mayor, bloomberg, park, york, center, site",,
46.0,12.0,"city, million, plan, space, mayor, bloomberg, park, york, center, site",,
47.0,1.0,"state, york, public, governor, reform, spitzer, albany, legislator, money, campaign",,
48.0,1.0,"state, york, public, governor, reform, spitzer, albany, legislator, money, campaign",,
49.0,1.0,"state, york, public, governor, reform, spitzer, albany, legislator, money, campaign",,
50.0,1.0,"state, york, public, governor, reform, spitzer, albany, legislator, money, campaign",,
51.0,13.0,"tax, billion, budget, cut, cost, money, year, pay, million, care",,
52.0,6.0,"court, law, judge, case, rule, justice, legal, prison, supreme_court, decision",,
53.0,2.0,"drug, health, report, study, year, medical, treatment, find, agency, patient",,
54.0,1.0,"state, york, public, governor, reform, spitzer, albany, legislator, money, campaign",,
55.0,1.0,"state, york, public, governor, reform, spitzer, albany, legislator, money, campaign",,
56.0,1.0,"state, york, public, governor, reform, spitzer, albany, legislator, money, campaign",,
57.0,6.0,"court, law, judge, case, rule, justice, legal, prison, supreme_court, decision",,
58.0,14.0,"iraq, american, war, military, force, iraqi, government, troop, washington, leader",,
59.0,5.0,"work, people, worker, police, day, immigration, immigrant, year, man, -PRON-",,
60.0,17.0,"plant, power, energy, emission, fuel, control, reduce, clean, make, technology",,
61.0,7.0,"trade, price, company, market, high, job, year, economic, american, economy",,
62.0,14.0,"iraq, american, war, military, force, iraqi, government, troop, washington, leader",,
63.0,15.0,"election, vote, voter, party, political, candidate, democratic, state, republican, record",,
64.0,17.0,"plant, power, energy, emission, fuel, control, reduce, clean, make, technology",,
65.0,4.0,"official, department, public, report, case, question, office, ms, fire, government",,
66.0,5.0,"work, people, worker, police, day, immigration, immigrant, year, man, -PRON-",,
67.0,13.0,"tax, billion, budget, cut, cost, money, year, pay, million, care",,
68.0,12.0,"city, million, plan, space, mayor, bloomberg, park, york, center, site",,
69.0,12.0,"city, million, plan, space, mayor, bloomberg, park, york, center, site",,
70.0,9.0,"school, child, high, state, student, education, make, find, problem, work",,
71.0,2.0,"drug, health, report, study, year, medical, treatment, find, agency, patient",,
72.0,11.0,"long, county, island, people, project, land, live, thing, sound, westchester",,
73.0,0.0,"united, country, states, world, nuclear, program, weapon, china, international, iran",,
74.0,10.0,"israel, talk, government, palestinian, political, peace, hope, long, step, leader",,
75.0,2.0,"drug, health, report, study, year, medical, treatment, find, agency, patient",,
76.0,14.0,"iraq, american, war, military, force, iraqi, government, troop, washington, leader",,
77.0,15.0,"election, vote, voter, party, political, candidate, democratic, state, republican, record",,
78.0,3.0,"bush, president, administration, policy, security, national, congress, white_house, americans, nation",,
79.0,14.0,"iraq, american, war, military, force, iraqi, government, troop, washington, leader",,
80.0,4.0,"official, department, public, report, case, question, office, ms, fire, government",,
81.0,7.0,"trade, price, company, market, high, job, year, economic, american, economy",,
82.0,13.0,"tax, billion, budget, cut, cost, money, year, pay, million, care",,
83.0,4.0,"official, department, public, report, case, question, office, ms, fire, government",,
84.0,10.0,"israel, talk, government, palestinian, political, peace, hope, long, step, leader",,
85.0,16.0,"state, year, pay, jersey, time, long, make, local, family, change",,
86.0,1.0,"state, york, public, governor, reform, spitzer, albany, legislator, money, campaign",,
87.0,7.0,"trade, price, company, market, high, job, year, economic, american, economy",,
88.0,7.0,"trade, price, company, market, high, job, year, economic, american, economy",,
89.0,13.0,"tax, billion, budget, cut, cost, money, year, pay, million, care",,
90.0,13.0,"tax, billion, budget, cut, cost, money, year, pay, million, care",,
91.0,6.0,"court, law, judge, case, rule, justice, legal, prison, supreme_court, decision",,
92.0,4.0,"official, department, public, report, case, question, office, ms, fire, government",,
93.0,12.0,"city, million, plan, space, mayor, bloomberg, park, york, center, site",,
94.0,11.0,"long, county, island, people, project, land, live, thing, sound, westchester",,
95.0,4.0,"official, department, public, report, case, question, office, ms, fire, government",,
96.0,0.0,"united, country, states, world, nuclear, program, weapon, china, international, iran",,
97.0,0.0,"united, country, states, world, nuclear, program, weapon, china, international, iran",,
98.0,13.0,"tax, billion, budget, cut, cost, money, year, pay, million, care",,
99.0,4.0,"official, department, public, report, case, question, office, ms, fire, government",,
100.0,17.0,"plant, power, energy, emission, fuel, control, reduce, clean, make, technology",,
101.0,17.0,"plant, power, energy, emission, fuel, control, reduce, clean, make, technology",,
102.0,17.0,"plant, power, energy, emission, fuel, control, reduce, clean, make, technology",,
103.0,16.0,"state, year, pay, jersey, time, long, make, local, family, change",,
104.0,13.0,"tax, billion, budget, cut, cost, money, year, pay, million, care",,
105.0,5.0,"work, people, worker, police, day, immigration, immigrant, year, man, -PRON-",,
106.0,16.0,"state, year, pay, jersey, time, long, make, local, family, change",,
107.0,7.0,"trade, price, company, market, high, job, year, economic, american, economy",,
108.0,1.0,"state, york, public, governor, reform, spitzer, albany, legislator, money, campaign",,
109.0,15.0,"election, vote, voter, party, political, candidate, democratic, state, republican, record",,
110.0,0.0,"united, country, states, world, nuclear, program, weapon, china, international, iran",,
111.0,14.0,"iraq, american, war, military, force, iraqi, government, troop, washington, leader",,
112.0,6.0,"court, law, judge, case, rule, justice, legal, prison, supreme_court, decision",,
113.0,7.0,"trade, price, company, market, high, job, year, economic, american, economy",,
114.0,11.0,"long, county, island, people, project, land, live, thing, sound, westchester",,
115.0,14.0,"iraq, american, war, military, force, iraqi, government, troop, washington, leader",,
116.0,0.0,"united, country, states, world, nuclear, program, weapon, china, international, iran",,
117.0,7.0,"trade, price, company, market, high, job, year, economic, american, economy",,
118.0,12.0,"city, million, plan, space, mayor, bloomberg, park, york, center, site",,
119.0,7.0,"trade, price, company, market, high, job, year, economic, american, economy",,
120.0,7.0,"trade, price, company, market, high, job, year, economic, american, economy",,
121.0,1.0,"state, york, public, governor, reform, spitzer, albany, legislator, money, campaign",,
122.0,1.0,"state, york, public, governor, reform, spitzer, albany, legislator, money, campaign",,
123.0,1.0,"state, york, public, governor, reform, spitzer, albany, legislator, money, campaign",,
124.0,17.0,"plant, power, energy, emission, fuel, control, reduce, clean, make, technology",,
125.0,5.0,"work, people, worker, police, day, immigration, immigrant, year, man, -PRON-",,
126.0,12.0,"city, million, plan, space, mayor, bloomberg, park, york, center, site",,
127.0,6.0,"court, law, judge, case, rule, justice, legal, prison, supreme_court, decision",,
128.0,6.0,"court, law, judge, case, rule, justice, legal, prison, supreme_court, decision",,
129.0,2.0,"drug, health, report, study, year, medical, treatment, find, agency, patient",,
130.0,9.0,"school, child, high, state, student, education, make, find, problem, work",,
131.0,0.0,"united, country, states, world, nuclear, program, weapon, china, international, iran",,
132.0,7.0,"trade, price, company, market, high, job, year, economic, american, economy",,
133.0,0.0,"united, country, states, world, nuclear, program, weapon, china, international, iran",,
134.0,9.0,"school, child, high, state, student, education, make, find, problem, work",,
135.0,13.0,"tax, billion, budget, cut, cost, money, year, pay, million, care",,
136.0,1.0,"state, york, public, governor, reform, spitzer, albany, legislator, money, campaign",,
137.0,17.0,"plant, power, energy, emission, fuel, control, reduce, clean, make, technology",,
138.0,12.0,"city, million, plan, space, mayor, bloomberg, park, york, center, site",,
139.0,5.0,"work, people, worker, police, day, immigration, immigrant, year, man, -PRON-",,
140.0,15.0,"election, vote, voter, party, political, candidate, democratic, state, republican, record",,
141.0,17.0,"plant, power, energy, emission, fuel, control, reduce, clean, make, technology",,
142.0,3.0,"bush, president, administration, policy, security, national, congress, white_house, americans, nation",,
143.0,4.0,"official, department, public, report, case, question, office, ms, fire, government",,
144.0,9.0,"school, child, high, state, student, education, make, find, problem, work",,
145.0,15.0,"election, vote, voter, party, political, candidate, democratic, state, republican, record",,
146.0,13.0,"tax, billion, budget, cut, cost, money, year, pay, million, care",,
147.0,16.0,"state, year, pay, jersey, time, long, make, local, family, change",,
148.0,17.0,"plant, power, energy, emission, fuel, control, reduce, clean, make, technology",,
149.0,6.0,"court, law, judge, case, rule, justice, legal, prison, supreme_court, decision",,
150.0,7.0,"trade, price, company, market, high, job, year, economic, american, economy",,
151.0,10.0,"israel, talk, government, palestinian, political, peace, hope, long, step, leader",,
152.0,14.0,"iraq, american, war, military, force, iraqi, government, troop, washington, leader",,
153.0,15.0,"election, vote, voter, party, political, candidate, democratic, state, republican, record",,
154.0,2.0,"drug, health, report, study, year, medical, treatment, find, agency, patient",,
155.0,15.0,"election, vote, voter, party, political, candidate, democratic, state, republican, record",,
156.0,9.0,"school, child, high, state, student, education, make, find, problem, work",,
157.0,8.0,"bill, senate, house, congress, pass, senator, law, measure, committee, support",,
158.0,13.0,"tax, billion, budget, cut, cost, money, year, pay, million, care",,
159.0,7.0,"trade, price, company, market, high, job, year, economic, american, economy",,
160.0,2.0,"drug, health, report, study, year, medical, treatment, find, agency, patient",,
161.0,17.0,"plant, power, energy, emission, fuel, control, reduce, clean, make, technology",,
162.0,5.0,"work, people, worker, police, day, immigration, immigrant, year, man, -PRON-",,
163.0,2.0,"drug, health, report, study, year, medical, treatment, find, agency, patient",,
164.0,2.0,"drug, health, report, study, year, medical, treatment, find, agency, patient",,
165.0,1.0,"state, york, public, governor, reform, spitzer, albany, legislator, money, campaign",,
166.0,2.0,"drug, health, report, study, year, medical, treatment, find, agency, patient",,
167.0,11.0,"long, county, island, people, project, land, live, thing, sound, westchester",,
168.0,9.0,"school, child, high, state, student, education, make, find, problem, work",,
169.0,14.0,"iraq, american, war, military, force, iraqi, government, troop, washington, leader",,
170.0,17.0,"plant, power, energy, emission, fuel, control, reduce, clean, make, technology",,
171.0,6.0,"court, law, judge, case, rule, justice, legal, prison, supreme_court, decision",,
172.0,15.0,"election, vote, voter, party, political, candidate, democratic, state, republican, record",,
173.0,6.0,"court, law, judge, case, rule, justice, legal, prison, supreme_court, decision",,
174.0,16.0,"state, year, pay, jersey, time, long, make, local, family, change",,
175.0,16.0,"state, year, pay, jersey, time, long, make, local, family, change",,
176.0,16.0,"state, year, pay, jersey, time, long, make, local, family, change",,
177.0,15.0,"election, vote, voter, party, political, candidate, democratic, state, republican, record",,
178.0,13.0,"tax, billion, budget, cut, cost, money, year, pay, million, care",,
179.0,7.0,"trade, price, company, market, high, job, year, economic, american, economy",,
180.0,16.0,"state, year, pay, jersey, time, long, make, local, family, change",,
181.0,0.0,"united, country, states, world, nuclear, program, weapon, china, international, iran",,
182.0,12.0,"city, million, plan, space, mayor, bloomberg, park, york, center, site",,
183.0,12.0,"city, million, plan, space, mayor, bloomberg, park, york, center, site",,
184.0,4.0,"official, department, public, report, case, question, office, ms, fire, government",,
185.0,0.0,"united, country, states, world, nuclear, program, weapon, china, international, iran",,
186.0,1.0,"state, york, public, governor, reform, spitzer, albany, legislator, money, campaign",,
187.0,1.0,"state, york, public, governor, reform, spitzer, albany, legislator, money, campaign",,
188.0,1.0,"state, york, public, governor, reform, spitzer, albany, legislator, money, campaign",,
189.0,8.0,"bill, senate, house, congress, pass, senator, law, measure, committee, support",,
190.0,12.0,"city, million, plan, space, mayor, bloomberg, park, york, center, site",,
191.0,2.0,"drug, health, report, study, year, medical, treatment, find, agency, patient",,
192.0,15.0,"election, vote, voter, party, political, candidate, democratic, state, republican, record",,
193.0,0.0,"united, country, states, world, nuclear, program, weapon, china, international, iran",,
194.0,4.0,"official, department, public, report, case, question, office, ms, fire, government",,
195.0,5.0,"work, people, worker, police, day, immigration, immigrant, year, man, -PRON-",,
196.0,4.0,"official, department, public, report, case, question, office, ms, fire, government",,
197.0,4.0,"official, department, public, report, case, question, office, ms, fire, government",,
198.0,12.0,"city, million, plan, space, mayor, bloomberg, park, york, center, site",,
199.0,17.0,"plant, power, energy, emission, fuel, control, reduce, clean, make, technology",,
200.0,7.0,"trade, price, company, market, high, job, year, economic, american, economy",,
201.0,5.0,"work, people, worker, police, day, immigration, immigrant, year, man, -PRON-",,
202.0,13.0,"tax, billion, budget, cut, cost, money, year, pay, million, care",,
203.0,5.0,"work, people, worker, police, day, immigration, immigrant, year, man, -PRON-",,
204.0,17.0,"plant, power, energy, emission, fuel, control, reduce, clean, make, technology",,
205.0,6.0,"court, law, judge, case, rule, justice, legal, prison, supreme_court, decision",,
206.0,2.0,"drug, health, report, study, year, medical, treatment, find, agency, patient",,
207.0,6.0,"court, law, judge, case, rule, justice, legal, prison, supreme_court, decision",,
208.0,9.0,"school, child, high, state, student, education, make, find, problem, work",,
209.0,6.0,"court, law, judge, case, rule, justice, legal, prison, supreme_court, decision",,
210.0,17.0,"plant, power, energy, emission, fuel, control, reduce, clean, make, technology",,
211.0,14.0,"iraq, american, war, military, force, iraqi, government, troop, washington, leader",,
212.0,0.0,"united, country, states, world, nuclear, program, weapon, china, international, iran",,
213.0,0.0,"united, country, states, world, nuclear, program, weapon, china, international, iran",,
214.0,13.0,"tax, billion, budget, cut, cost, money, year, pay, million, care",,
215.0,2.0,"drug, health, report, study, year, medical, treatment, find, agency, patient",,
216.0,14.0,"iraq, american, war, military, force, iraqi, government, troop, washington, leader",,
217.0,9.0,"school, child, high, state, student, education, make, find, problem, work",,
218.0,0.0,"united, country, states, world, nuclear, program, weapon, china, international, iran",,
219.0,3.0,"bush, president, administration, policy, security, national, congress, white_house, americans, nation",,
220.0,5.0,"work, people, worker, police, day, immigration, immigrant, year, man, -PRON-",,
221.0,14.0,"iraq, american, war, military, force, iraqi, government, troop, washington, leader",,
222.0,14.0,"iraq, american, war, military, force, iraqi, government, troop, washington, leader",,
223.0,17.0,"plant, power, energy, emission, fuel, control, reduce, clean, make, technology",,
224.0,14.0,"iraq, american, war, military, force, iraqi, government, troop, washington, leader",,
225.0,2.0,"drug, health, report, study, year, medical, treatment, find, agency, patient",,
226.0,15.0,"election, vote, voter, party, political, candidate, democratic, state, republican, record",,
227.0,1.0,"state, york, public, governor, reform, spitzer, albany, legislator, money, campaign",,
228.0,1.0,"state, york, public, governor, reform, spitzer, albany, legislator, money, campaign",,
229.0,11.0,"long, county, island, people, project, land, live, thing, sound, westchester",,
230.0,11.0,"long, county, island, people, project, land, live, thing, sound, westchester",,
231.0,11.0,"long, county, island, people, project, land, live, thing, sound, westchester",,
232.0,1.0,"state, york, public, governor, reform, spitzer, albany, legislator, money, campaign",,
233.0,17.0,"plant, power, energy, emission, fuel, control, reduce, clean, make, technology",,
234.0,1.0,"state, york, public, governor, reform, spitzer, albany, legislator, money, campaign",,
235.0,13.0,"tax, billion, budget, cut, cost, money, year, pay, million, care",,
236.0,1.0,"state, york, public, governor, reform, spitzer, albany, legislator, money, campaign",,
237.0,11.0,"long, county, island, people, project, land, live, thing, sound, westchester",,
238.0,2.0,"drug, health, report, study, year, medical, treatment, find, agency, patient",,
239.0,16.0,"state, year, pay, jersey, time, long, make, local, family, change",,
240.0,16.0,"state, year, pay, jersey, time, long, make, local, family, change",,
241.0,15.0,"election, vote, voter, party, political, candidate, democratic, state, republican, record",,
242.0,12.0,"city, million, plan, space, mayor, bloomberg, park, york, center, site",,
243.0,17.0,"plant, power, energy, emission, fuel, control, reduce, clean, make, technology",,
244.0,16.0,"state, year, pay, jersey, time, long, make, local, family, change",,
245.0,17.0,"plant, power, energy, emission, fuel, control, reduce, clean, make, technology",,
246.0,13.0,"tax, billion, budget, cut, cost, money, year, pay, million, care",,
247.0,0.0,"united, country, states, world, nuclear, program, weapon, china, international, iran",,
248.0,0.0,"united, country, states, world, nuclear, program, weapon, china, international, iran",,
249.0,11.0,"long, county, island, people, project, land, live, thing, sound, westchester",,
250.0,15.0,"election, vote, voter, party, political, candidate, democratic, state, republican, record",,
251.0,15.0,"election, vote, voter, party, political, candidate, democratic, state, republican, record",,
252.0,2.0,"drug, health, report, study, year, medical, treatment, find, agency, patient",,
253.0,14.0,"iraq, american, war, military, force, iraqi, government, troop, washington, leader",,
254.0,12.0,"city, million, plan, space, mayor, bloomberg, park, york, center, site",,
255.0,14.0,"iraq, american, war, military, force, iraqi, government, troop, washington, leader",,
256.0,5.0,"work, people, worker, police, day, immigration, immigrant, year, man, -PRON-",,
257.0,11.0,"long, county, island, people, project, land, live, thing, sound, westchester",,
258.0,15.0,"election, vote, voter, party, political, candidate, democratic, state, republican, record",,
259.0,13.0,"tax, billion, budget, cut, cost, money, year, pay, million, care",,
260.0,17.0,"plant, power, energy, emission, fuel, control, reduce, clean, make, technology",,
261.0,15.0,"election, vote, voter, party, political, candidate, democratic, state, republican, record",,
262.0,15.0,"election, vote, voter, party, political, candidate, democratic, state, republican, record",,
263.0,1.0,"state, york, public, governor, reform, spitzer, albany, legislator, money, campaign",,
264.0,1.0,"state, york, public, governor, reform, spitzer, albany, legislator, money, campaign",,
265.0,0.0,"united, country, states, world, nuclear, program, weapon, china, international, iran",,
266.0,13.0,"tax, billion, budget, cut, cost, money, year, pay, million, care",,
267.0,4.0,"official, department, public, report, case, question, office, ms, fire, government",,
268.0,15.0,"election, vote, voter, party, political, candidate, democratic, state, republican, record",,
269.0,4.0,"official, department, public, report, case, question, office, ms, fire, government",,
270.0,9.0,"school, child, high, state, student, education, make, find, problem, work",,
271.0,0.0,"united, country, states, world, nuclear, program, weapon, china, international, iran",,
272.0,6.0,"court, law, judge, case, rule, justice, legal, prison, supreme_court, decision",,
273.0,8.0,"bill, senate, house, congress, pass, senator, law, measure, committee, support",,
274.0,1.0,"state, york, public, governor, reform, spitzer, albany, legislator, money, campaign",,
275.0,2.0,"drug, health, report, study, year, medical, treatment, find, agency, patient",,
276.0,11.0,"long, county, island, people, project, land, live, thing, sound, westchester",,
277.0,11.0,"long, county, island, people, project, land, live, thing, sound, westchester",,
278.0,15.0,"election, vote, voter, party, political, candidate, democratic, state, republican, record",,
279.0,17.0,"plant, power, energy, emission, fuel, control, reduce, clean, make, technology",,
280.0,8.0,"bill, senate, house, congress, pass, senator, law, measure, committee, support",,
281.0,2.0,"drug, health, report, study, year, medical, treatment, find, agency, patient",,
282.0,2.0,"drug, health, report, study, year, medical, treatment, find, agency, patient",,
283.0,3.0,"bush, president, administration, policy, security, national, congress, white_house, americans, nation",,
284.0,12.0,"city, million, plan, space, mayor, bloomberg, park, york, center, site",,
285.0,3.0,"bush, president, administration, policy, security, national, congress, white_house, americans, nation",,
286.0,7.0,"trade, price, company, market, high, job, year, economic, american, economy",,
287.0,15.0,"election, vote, voter, party, political, candidate, democratic, state, republican, record",,
288.0,1.0,"state, york, public, governor, reform, spitzer, albany, legislator, money, campaign",,
289.0,1.0,"state, york, public, governor, reform, spitzer, albany, legislator, money, campaign",,
290.0,1.0,"state, york, public, governor, reform, spitzer, albany, legislator, money, campaign",,
291.0,12.0,"city, million, plan, space, mayor, bloomberg, park, york, center, site",,
292.0,1.0,"state, york, public, governor, reform, spitzer, albany, legislator, money, campaign",,
293.0,6.0,"court, law, judge, case, rule, justice, legal, prison, supreme_court, decision",,
294.0,8.0,"bill, senate, house, congress, pass, senator, law, measure, committee, support",,
295.0,12.0,"city, million, plan, space, mayor, bloomberg, park, york, center, site",,
296.0,17.0,"plant, power, energy, emission, fuel, control, reduce, clean, make, technology",,
297.0,5.0,"work, people, worker, police, day, immigration, immigrant, year, man, -PRON-",,
298.0,4.0,"official, department, public, report, case, question, office, ms, fire, government",,
299.0,7.0,"trade, price, company, market, high, job, year, economic, american, economy",,
300.0,16.0,"state, year, pay, jersey, time, long, make, local, family, change",,
301.0,7.0,"trade, price, company, market, high, job, year, economic, american, economy",,
302.0,4.0,"official, department, public, report, case, question, office, ms, fire, government",,
303.0,12.0,"city, million, plan, space, mayor, bloomberg, park, york, center, site",,
304.0,5.0,"work, people, worker, police, day, immigration, immigrant, year, man, -PRON-",,
305.0,6.0,"court, law, judge, case, rule, justice, legal, prison, supreme_court, decision",,
306.0,6.0,"court, law, judge, case, rule, justice, legal, prison, supreme_court, decision",,
307.0,11.0,"long, county, island, people, project, land, live, thing, sound, westchester",,
308.0,5.0,"work, people, worker, police, day, immigration, immigrant, year, man, -PRON-",,
309.0,13.0,"tax, billion, budget, cut, cost, money, year, pay, million, care",,
310.0,4.0,"official, department, public, report, case, question, office, ms, fire, government",,
311.0,9.0,"school, child, high, state, student, education, make, find, problem, work",,
312.0,11.0,"long, county, island, people, project, land, live, thing, sound, westchester",,
313.0,1.0,"state, york, public, governor, reform, spitzer, albany, legislator, money, campaign",,
314.0,2.0,"drug, health, report, study, year, medical, treatment, find, agency, patient",,
315.0,13.0,"tax, billion, budget, cut, cost, money, year, pay, million, care",,
316.0,8.0,"bill, senate, house, congress, pass, senator, law, measure, committee, support",,
317.0,6.0,"court, law, judge, case, rule, justice, legal, prison, supreme_court, decision",,
318.0,13.0,"tax, billion, budget, cut, cost, money, year, pay, million, care",,
319.0,6.0,"court, law, judge, case, rule, justice, legal, prison, supreme_court, decision",,
320.0,2.0,"drug, health, report, study, year, medical, treatment, find, agency, patient",,
321.0,13.0,"tax, billion, budget, cut, cost, money, year, pay, million, care",,
322.0,11.0,"long, county, island, people, project, land, live, thing, sound, westchester",,
323.0,15.0,"election, vote, voter, party, political, candidate, democratic, state, republican, record",,
324.0,4.0,"official, department, public, report, case, question, office, ms, fire, government",,
325.0,7.0,"trade, price, company, market, high, job, year, economic, american, economy",,
326.0,6.0,"court, law, judge, case, rule, justice, legal, prison, supreme_court, decision",,
327.0,15.0,"election, vote, voter, party, political, candidate, democratic, state, republican, record",,
328.0,1.0,"state, york, public, governor, reform, spitzer, albany, legislator, money, campaign",,
329.0,13.0,"tax, billion, budget, cut, cost, money, year, pay, million, care",,
330.0,10.0,"israel, talk, government, palestinian, political, peace, hope, long, step, leader",,
331.0,2.0,"drug, health, report, study, year, medical, treatment, find, agency, patient",,
332.0,2.0,"drug, health, report, study, year, medical, treatment, find, agency, patient",,
333.0,0.0,"united, country, states, world, nuclear, program, weapon, china, international, iran",,
334.0,11.0,"long, county, island, people, project, land, live, thing, sound, westchester",,
335.0,14.0,"iraq, american, war, military, force, iraqi, government, troop, washington, leader",,
336.0,14.0,"iraq, american, war, military, force, iraqi, government, troop, washington, leader",,
337.0,14.0,"iraq, american, war, military, force, iraqi, government, troop, washington, leader",,
338.0,10.0,"israel, talk, government, palestinian, political, peace, hope, long, step, leader",,
339.0,6.0,"court, law, judge, case, rule, justice, legal, prison, supreme_court, decision",,
340.0,12.0,"city, million, plan, space, mayor, bloomberg, park, york, center, site",,
341.0,11.0,"long, county, island, people, project, land, live, thing, sound, westchester",,
342.0,15.0,"election, vote, voter, party, political, candidate, democratic, state, republican, record",,
343.0,10.0,"israel, talk, government, palestinian, political, peace, hope, long, step, leader",,
344.0,12.0,"city, million, plan, space, mayor, bloomberg, park, york, center, site",,
345.0,14.0,"iraq, american, war, military, force, iraqi, government, troop, washington, leader",,
346.0,6.0,"court, law, judge, case, rule, justice, legal, prison, supreme_court, decision",,
347.0,15.0,"election, vote, voter, party, political, candidate, democratic, state, republican, record",,
348.0,15.0,"election, vote, voter, party, political, candidate, democratic, state, republican, record",,
349.0,15.0,"election, vote, voter, party, political, candidate, democratic, state, republican, record",,
350.0,6.0,"court, law, judge, case, rule, justice, legal, prison, supreme_court, decision",,
351.0,7.0,"trade, price, company, market, high, job, year, economic, american, economy",,
352.0,2.0,"drug, health, report, study, year, medical, treatment, find, agency, patient",,
353.0,11.0,"long, county, island, people, project, land, live, thing, sound, westchester",,
354.0,11.0,"long, county, island, people, project, land, live, thing, sound, westchester",,
355.0,6.0,"court, law, judge, case, rule, justice, legal, prison, supreme_court, decision",,
356.0,14.0,"iraq, american, war, military, force, iraqi, government, troop, washington, leader",,
357.0,12.0,"city, million, plan, space, mayor, bloomberg, park, york, center, site",,
358.0,9.0,"school, child, high, state, student, education, make, find, problem, work",,
359.0,14.0,"iraq, american, war, military, force, iraqi, government, troop, washington, leader",,
360.0,14.0,"iraq, american, war, military, force, iraqi, government, troop, washington, leader",,
361.0,1.0,"state, york, public, governor, reform, spitzer, albany, legislator, money, campaign",,
362.0,1.0,"state, york, public, governor, reform, spitzer, albany, legislator, money, campaign",,
363.0,8.0,"bill, senate, house, congress, pass, senator, law, measure, committee, support",,
364.0,12.0,"city, million, plan, space, mayor, bloomberg, park, york, center, site",,
365.0,12.0,"city, million, plan, space, mayor, bloomberg, park, york, center, site",,
366.0,0.0,"united, country, states, world, nuclear, program, weapon, china, international, iran",,
367.0,14.0,"iraq, american, war, military, force, iraqi, government, troop, washington, leader",,
368.0,8.0,"bill, senate, house, congress, pass, senator, law, measure, committee, support",,
369.0,10.0,"israel, talk, government, palestinian, political, peace, hope, long, step, leader",,
370.0,0.0,"united, country, states, world, nuclear, program, weapon, china, international, iran",,
371.0,11.0,"long, county, island, people, project, land, live, thing, sound, westchester",,
372.0,14.0,"iraq, american, war, military, force, iraqi, government, troop, washington, leader",,
373.0,7.0,"trade, price, company, market, high, job, year, economic, american, economy",,
374.0,14.0,"iraq, american, war, military, force, iraqi, government, troop, washington, leader",,
375.0,6.0,"court, law, judge, case, rule, justice, legal, prison, supreme_court, decision",,
376.0,10.0,"israel, talk, government, palestinian, political, peace, hope, long, step, leader",,
377.0,14.0,"iraq, american, war, military, force, iraqi, government, troop, washington, leader",,
378.0,11.0,"long, county, island, people, project, land, live, thing, sound, westchester",,
379.0,11.0,"long, county, island, people, project, land, live, thing, sound, westchester",,
380.0,10.0,"israel, talk, government, palestinian, political, peace, hope, long, step, leader",,
381.0,3.0,"bush, president, administration, policy, security, national, congress, white_house, americans, nation",,
382.0,11.0,"long, county, island, people, project, land, live, thing, sound, westchester",,
383.0,17.0,"plant, power, energy, emission, fuel, control, reduce, clean, make, technology",,
384.0,6.0,"court, law, judge, case, rule, justice, legal, prison, supreme_court, decision",,
385.0,6.0,"court, law, judge, case, rule, justice, legal, prison, supreme_court, decision",,
386.0,0.0,"united, country, states, world, nuclear, program, weapon, china, international, iran",,
387.0,4.0,"official, department, public, report, case, question, office, ms, fire, government",,
388.0,13.0,"tax, billion, budget, cut, cost, money, year, pay, million, care",,
389.0,4.0,"official, department, public, report, case, question, office, ms, fire, government",,
390.0,16.0,"state, year, pay, jersey, time, long, make, local, family, change",,
391.0,5.0,"work, people, worker, police, day, immigration, immigrant, year, man, -PRON-",,
392.0,9.0,"school, child, high, state, student, education, make, find, problem, work",,
393.0,17.0,"plant, power, energy, emission, fuel, control, reduce, clean, make, technology",,
394.0,5.0,"work, people, worker, police, day, immigration, immigrant, year, man, -PRON-",,
395.0,12.0,"city, million, plan, space, mayor, bloomberg, park, york, center, site",,
396.0,16.0,"state, year, pay, jersey, time, long, make, local, family, change",,
397.0,2.0,"drug, health, report, study, year, medical, treatment, find, agency, patient",,
398.0,8.0,"bill, senate, house, congress, pass, senator, law, measure, committee, support",,
399.0,8.0,"bill, senate, house, congress, pass, senator, law, measure, committee, support",,
400.0,8.0,"bill, senate, house, congress, pass, senator, law, measure, committee, support",,
401.0,12.0,"city, million, plan, space, mayor, bloomberg, park, york, center, site",,
402.0,2.0,"drug, health, report, study, year, medical, treatment, find, agency, patient",,
403.0,5.0,"work, people, worker, police, day, immigration, immigrant, year, man, -PRON-",,
404.0,13.0,"tax, billion, budget, cut, cost, money, year, pay, million, care",,
405.0,7.0,"trade, price, company, market, high, job, year, economic, american, economy",,
406.0,11.0,"long, county, island, people, project, land, live, thing, sound, westchester",,
407.0,5.0,"work, people, worker, police, day, immigration, immigrant, year, man, -PRON-",,
408.0,17.0,"plant, power, energy, emission, fuel, control, reduce, clean, make, technology",,
409.0,6.0,"court, law, judge, case, rule, justice, legal, prison, supreme_court, decision",,
410.0,11.0,"long, county, island, people, project, land, live, thing, sound, westchester",,
411.0,13.0,"tax, billion, budget, cut, cost, money, year, pay, million, care",,
412.0,7.0,"trade, price, company, market, high, job, year, economic, american, economy",,
413.0,0.0,"united, country, states, world, nuclear, program, weapon, china, international, iran",,
414.0,12.0,"city, million, plan, space, mayor, bloomberg, park, york, center, site",,
415.0,12.0,"city, million, plan, space, mayor, bloomberg, park, york, center, site",,
416.0,14.0,"iraq, american, war, military, force, iraqi, government, troop, washington, leader",,
417.0,0.0,"united, country, states, world, nuclear, program, weapon, china, international, iran",,
418.0,0.0,"united, country, states, world, nuclear, program, weapon, china, international, iran",,
419.0,15.0,"election, vote, voter, party, political, candidate, democratic, state, republican, record",,
420.0,15.0,"election, vote, voter, party, political, candidate, democratic, state, republican, record",,
421.0,11.0,"long, county, island, people, project, land, live, thing, sound, westchester",,
422.0,15.0,"election, vote, voter, party, political, candidate, democratic, state, republican, record",,
423.0,0.0,"united, country, states, world, nuclear, program, weapon, china, international, iran",,
424.0,11.0,"long, county, island, people, project, land, live, thing, sound, westchester",,
425.0,6.0,"court, law, judge, case, rule, justice, legal, prison, supreme_court, decision",,
426.0,13.0,"tax, billion, budget, cut, cost, money, year, pay, million, care",,
427.0,13.0,"tax, billion, budget, cut, cost, money, year, pay, million, care",,
428.0,5.0,"work, people, worker, police, day, immigration, immigrant, year, man, -PRON-",,
429.0,5.0,"work, people, worker, police, day, immigration, immigrant, year, man, -PRON-",,
430.0,2.0,"drug, health, report, study, year, medical, treatment, find, agency, patient",,
431.0,13.0,"tax, billion, budget, cut, cost, money, year, pay, million, care",,
432.0,0.0,"united, country, states, world, nuclear, program, weapon, china, international, iran",,
433.0,11.0,"long, county, island, people, project, land, live, thing, sound, westchester",,
434.0,14.0,"iraq, american, war, military, force, iraqi, government, troop, washington, leader",,
435.0,8.0,"bill, senate, house, congress, pass, senator, law, measure, committee, support",,
436.0,1.0,"state, york, public, governor, reform, spitzer, albany, legislator, money, campaign",,
437.0,12.0,"city, million, plan, space, mayor, bloomberg, park, york, center, site",,
438.0,13.0,"tax, billion, budget, cut, cost, money, year, pay, million, care",,
439.0,1.0,"state, york, public, governor, reform, spitzer, albany, legislator, money, campaign",,
440.0,5.0,"work, people, worker, police, day, immigration, immigrant, year, man, -PRON-",,
441.0,11.0,"long, county, island, people, project, land, live, thing, sound, westchester",,
442.0,11.0,"long, county, island, people, project, land, live, thing, sound, westchester",,
443.0,16.0,"state, year, pay, jersey, time, long, make, local, family, change",,
444.0,7.0,"trade, price, company, market, high, job, year, economic, american, economy",,
445.0,2.0,"drug, health, report, study, year, medical, treatment, find, agency, patient",,
446.0,0.0,"united, country, states, world, nuclear, program, weapon, china, international, iran",,
447.0,9.0,"school, child, high, state, student, education, make, find, problem, work",,
448.0,10.0,"israel, talk, government, palestinian, political, peace, hope, long, step, leader",,
449.0,1.0,"state, york, public, governor, reform, spitzer, albany, legislator, money, campaign",,
450.0,1.0,"state, york, public, governor, reform, spitzer, albany, legislator, money, campaign",,
451.0,9.0,"school, child, high, state, student, education, make, find, problem, work",,
452.0,12.0,"city, million, plan, space, mayor, bloomberg, park, york, center, site",,
453.0,12.0,"city, million, plan, space, mayor, bloomberg, park, york, center, site",,
454.0,9.0,"school, child, high, state, student, education, make, find, problem, work",,
455.0,12.0,"city, million, plan, space, mayor, bloomberg, park, york, center, site",,
456.0,13.0,"tax, billion, budget, cut, cost, money, year, pay, million, care",,
457.0,13.0,"tax, billion, budget, cut, cost, money, year, pay, million, care",,
458.0,12.0,"city, million, plan, space, mayor, bloomberg, park, york, center, site",,
459.0,6.0,"court, law, judge, case, rule, justice, legal, prison, supreme_court, decision",,
460.0,5.0,"work, people, worker, police, day, immigration, immigrant, year, man, -PRON-",,
461.0,10.0,"israel, talk, government, palestinian, political, peace, hope, long, step, leader",,
462.0,5.0,"work, people, worker, police, day, immigration, immigrant, year, man, -PRON-",,
463.0,0.0,"united, country, states, world, nuclear, program, weapon, china, international, iran",,
464.0,2.0,"drug, health, report, study, year, medical, treatment, find, agency, patient",,
465.0,12.0,"city, million, plan, space, mayor, bloomberg, park, york, center, site",,
466.0,11.0,"long, county, island, people, project, land, live, thing, sound, westchester",,
467.0,9.0,"school, child, high, state, student, education, make, find, problem, work",,
468.0,13.0,"tax, billion, budget, cut, cost, money, year, pay, million, care",,
469.0,7.0,"trade, price, company, market, high, job, year, economic, american, economy",,
470.0,16.0,"state, year, pay, jersey, time, long, make, local, family, change",,
471.0,15.0,"election, vote, voter, party, political, candidate, democratic, state, republican, record",,
472.0,11.0,"long, county, island, people, project, land, live, thing, sound, westchester",,
473.0,5.0,"work, people, worker, police, day, immigration, immigrant, year, man, -PRON-",,
474.0,3.0,"bush, president, administration, policy, security, national, congress, white_house, americans, nation",,
475.0,9.0,"school, child, high, state, student, education, make, find, problem, work",,
476.0,9.0,"school, child, high, state, student, education, make, find, problem, work",,
477.0,17.0,"plant, power, energy, emission, fuel, control, reduce, clean, make, technology",,
478.0,1.0,"state, york, public, governor, reform, spitzer, albany, legislator, money, campaign",,
479.0,1.0,"state, york, public, governor, reform, spitzer, albany, legislator, money, campaign",,
480.0,15.0,"election, vote, voter, party, political, candidate, democratic, state, republican, record",,
481.0,9.0,"school, child, high, state, student, education, make, find, problem, work",,
482.0,6.0,"court, law, judge, case, rule, justice, legal, prison, supreme_court, decision",,
483.0,15.0,"election, vote, voter, party, political, candidate, democratic, state, republican, record",,
484.0,1.0,"state, york, public, governor, reform, spitzer, albany, legislator, money, campaign",,
485.0,1.0,"state, york, public, governor, reform, spitzer, albany, legislator, money, campaign",,
486.0,8.0,"bill, senate, house, congress, pass, senator, law, measure, committee, support",,
487.0,8.0,"bill, senate, house, congress, pass, senator, law, measure, committee, support",,
488.0,1.0,"state, york, public, governor, reform, spitzer, albany, legislator, money, campaign",,
489.0,4.0,"official, department, public, report, case, question, office, ms, fire, government",,
490.0,1.0,"state, york, public, governor, reform, spitzer, albany, legislator, money, campaign",,
491.0,13.0,"tax, billion, budget, cut, cost, money, year, pay, million, care",,
492.0,0.0,"united, country, states, world, nuclear, program, weapon, china, international, iran",,
493.0,0.0,"united, country, states, world, nuclear, program, weapon, china, international, iran",,
494.0,7.0,"trade, price, company, market, high, job, year, economic, american, economy",,
495.0,6.0,"court, law, judge, case, rule, justice, legal, prison, supreme_court, decision",,
496.0,5.0,"work, people, worker, police, day, immigration, immigrant, year, man, -PRON-",,
497.0,6.0,"court, law, judge, case, rule, justice, legal, prison, supreme_court, decision",,
498.0,0.0,"united, country, states, world, nuclear, program, weapon, china, international, iran",,
499.0,16.0,"state, year, pay, jersey, time, long, make, local, family, change",,
500.0,0.0,"united, country, states, world, nuclear, program, weapon, china, international, iran",,
501.0,13.0,"tax, billion, budget, cut, cost, money, year, pay, million, care",,
502.0,13.0,"tax, billion, budget, cut, cost, money, year, pay, million, care",,
503.0,13.0,"tax, billion, budget, cut, cost, money, year, pay, million, care",,
504.0,17.0,"plant, power, energy, emission, fuel, control, reduce, clean, make, technology",,
505.0,10.0,"israel, talk, government, palestinian, political, peace, hope, long, step, leader",,
506.0,13.0,"tax, billion, budget, cut, cost, money, year, pay, million, care",,
507.0,11.0,"long, county, island, people, project, land, live, thing, sound, westchester",,
508.0,6.0,"court, law, judge, case, rule, justice, legal, prison, supreme_court, decision",,
509.0,17.0,"plant, power, energy, emission, fuel, control, reduce, clean, make, technology",,
510.0,8.0,"bill, senate, house, congress, pass, senator, law, measure, committee, support",,
511.0,9.0,"school, child, high, state, student, education, make, find, problem, work",,
512.0,6.0,"court, law, judge, case, rule, justice, legal, prison, supreme_court, decision",,
513.0,1.0,"state, york, public, governor, reform, spitzer, albany, legislator, money, campaign",,
514.0,1.0,"state, york, public, governor, reform, spitzer, albany, legislator, money, campaign",,
515.0,1.0,"state, york, public, governor, reform, spitzer, albany, legislator, money, campaign",,
516.0,7.0,"trade, price, company, market, high, job, year, economic, american, economy",,
517.0,11.0,"long, county, island, people, project, land, live, thing, sound, westchester",,
518.0,0.0,"united, country, states, world, nuclear, program, weapon, china, international, iran",,
519.0,5.0,"work, people, worker, police, day, immigration, immigrant, year, man, -PRON-",,
520.0,14.0,"iraq, american, war, military, force, iraqi, government, troop, washington, leader",,
521.0,14.0,"iraq, american, war, military, force, iraqi, government, troop, washington, leader",,
522.0,13.0,"tax, billion, budget, cut, cost, money, year, pay, million, care",,
523.0,5.0,"work, people, worker, police, day, immigration, immigrant, year, man, -PRON-",,
524.0,7.0,"trade, price, company, market, high, job, year, economic, american, economy",,
525.0,6.0,"court, law, judge, case, rule, justice, legal, prison, supreme_court, decision",,
526.0,3.0,"bush, president, administration, policy, security, national, congress, white_house, americans, nation",,
527.0,4.0,"official, department, public, report, case, question, office, ms, fire, government",,
528.0,8.0,"bill, senate, house, congress, pass, senator, law, measure, committee, support",,
529.0,8.0,"bill, senate, house, congress, pass, senator, law, measure, committee, support",,
530.0,0.0,"united, country, states, world, nuclear, program, weapon, china, international, iran",,
531.0,2.0,"drug, health, report, study, year, medical, treatment, find, agency, patient",,
532.0,9.0,"school, child, high, state, student, education, make, find, problem, work",,
533.0,13.0,"tax, billion, budget, cut, cost, money, year, pay, million, care",,
534.0,10.0,"israel, talk, government, palestinian, political, peace, hope, long, step, leader",,
535.0,15.0,"election, vote, voter, party, political, candidate, democratic, state, republican, record",,
536.0,9.0,"school, child, high, state, student, education, make, find, problem, work",,
537.0,5.0,"work, people, worker, police, day, immigration, immigrant, year, man, -PRON-",,
538.0,10.0,"israel, talk, government, palestinian, political, peace, hope, long, step, leader",,
539.0,14.0,"iraq, american, war, military, force, iraqi, government, troop, washington, leader",,
540.0,10.0,"israel, talk, government, palestinian, political, peace, hope, long, step, leader",,
541.0,11.0,"long, county, island, people, project, land, live, thing, sound, westchester",,
542.0,1.0,"state, york, public, governor, reform, spitzer, albany, legislator, money, campaign",,
543.0,1.0,"state, york, public, governor, reform, spitzer, albany, legislator, money, campaign",,
544.0,5.0,"work, people, worker, police, day, immigration, immigrant, year, man, -PRON-",,
545.0,14.0,"iraq, american, war, military, force, iraqi, government, troop, washington, leader",,
546.0,13.0,"tax, billion, budget, cut, cost, money, year, pay, million, care",,
547.0,2.0,"drug, health, report, study, year, medical, treatment, find, agency, patient",,
548.0,3.0,"bush, president, administration, policy, security, national, congress, white_house, americans, nation",,
549.0,17.0,"plant, power, energy, emission, fuel, control, reduce, clean, make, technology",,
550.0,17.0,"plant, power, energy, emission, fuel, control, reduce, clean, make, technology",,
551.0,4.0,"official, department, public, report, case, question, office, ms, fire, government",,
552.0,17.0,"plant, power, energy, emission, fuel, control, reduce, clean, make, technology",,
553.0,13.0,"tax, billion, budget, cut, cost, money, year, pay, million, care",,
554.0,0.0,"united, country, states, world, nuclear, program, weapon, china, international, iran",,
555.0,14.0,"iraq, american, war, military, force, iraqi, government, troop, washington, leader",,
556.0,12.0,"city, million, plan, space, mayor, bloomberg, park, york, center, site",,
557.0,2.0,"drug, health, report, study, year, medical, treatment, find, agency, patient",,
558.0,2.0,"drug, health, report, study, year, medical, treatment, find, agency, patient",,
559.0,2.0,"drug, health, report, study, year, medical, treatment, find, agency, patient",,
560.0,14.0,"iraq, american, war, military, force, iraqi, government, troop, washington, leader",,
561.0,5.0,"work, people, worker, police, day, immigration, immigrant, year, man, -PRON-",,
562.0,8.0,"bill, senate, house, congress, pass, senator, law, measure, committee, support",,
563.0,6.0,"court, law, judge, case, rule, justice, legal, prison, supreme_court, decision",,
564.0,13.0,"tax, billion, budget, cut, cost, money, year, pay, million, care",,
565.0,14.0,"iraq, american, war, military, force, iraqi, government, troop, washington, leader",,
566.0,14.0,"iraq, american, war, military, force, iraqi, government, troop, washington, leader",,
567.0,6.0,"court, law, judge, case, rule, justice, legal, prison, supreme_court, decision",,
568.0,0.0,"united, country, states, world, nuclear, program, weapon, china, international, iran",,
569.0,0.0,"united, country, states, world, nuclear, program, weapon, china, international, iran",,
570.0,0.0,"united, country, states, world, nuclear, program, weapon, china, international, iran",,
571.0,13.0,"tax, billion, budget, cut, cost, money, year, pay, million, care",,
572.0,10.0,"israel, talk, government, palestinian, political, peace, hope, long, step, leader",,
573.0,7.0,"trade, price, company, market, high, job, year, economic, american, economy",,
574.0,9.0,"school, child, high, state, student, education, make, find, problem, work",,
575.0,6.0,"court, law, judge, case, rule, justice, legal, prison, supreme_court, decision",,
576.0,8.0,"bill, senate, house, congress, pass, senator, law, measure, committee, support",,
577.0,0.0,"united, country, states, world, nuclear, program, weapon, china, international, iran",,
578.0,2.0,"drug, health, report, study, year, medical, treatment, find, agency, patient",,
579.0,11.0,"long, county, island, people, project, land, live, thing, sound, westchester",,
580.0,12.0,"city, million, plan, space, mayor, bloomberg, park, york, center, site",,
581.0,0.0,"united, country, states, world, nuclear, program, weapon, china, international, iran",,
582.0,14.0,"iraq, american, war, military, force, iraqi, government, troop, washington, leader",,
583.0,8.0,"bill, senate, house, congress, pass, senator, law, measure, committee, support",,
584.0,1.0,"state, york, public, governor, reform, spitzer, albany, legislator, money, campaign",,
585.0,2.0,"drug, health, report, study, year, medical, treatment, find, agency, patient",,
586.0,12.0,"city, million, plan, space, mayor, bloomberg, park, york, center, site",,
587.0,15.0,"election, vote, voter, party, political, candidate, democratic, state, republican, record",,
588.0,17.0,"plant, power, energy, emission, fuel, control, reduce, clean, make, technology",,
589.0,6.0,"court, law, judge, case, rule, justice, legal, prison, supreme_court, decision",,
590.0,17.0,"plant, power, energy, emission, fuel, control, reduce, clean, make, technology",,
591.0,2.0,"drug, health, report, study, year, medical, treatment, find, agency, patient",,
592.0,8.0,"bill, senate, house, congress, pass, senator, law, measure, committee, support",,
593.0,5.0,"work, people, worker, police, day, immigration, immigrant, year, man, -PRON-",,
594.0,10.0,"israel, talk, government, palestinian, political, peace, hope, long, step, leader",,
595.0,15.0,"election, vote, voter, party, political, candidate, democratic, state, republican, record",,
596.0,7.0,"trade, price, company, market, high, job, year, economic, american, economy",,
597.0,15.0,"election, vote, voter, party, political, candidate, democratic, state, republican, record",,
598.0,6.0,"court, law, judge, case, rule, justice, legal, prison, supreme_court, decision",,
599.0,13.0,"tax, billion, budget, cut, cost, money, year, pay, million, care",,
600.0,17.0,"plant, power, energy, emission, fuel, control, reduce, clean, make, technology",,
601.0,11.0,"long, county, island, people, project, land, live, thing, sound, westchester",,
602.0,2.0,"drug, health, report, study, year, medical, treatment, find, agency, patient",,
603.0,13.0,"tax, billion, budget, cut, cost, money, year, pay, million, care",,
604.0,1.0,"state, york, public, governor, reform, spitzer, albany, legislator, money, campaign",,
605.0,1.0,"state, york, public, governor, reform, spitzer, albany, legislator, money, campaign",,
606.0,1.0,"state, york, public, governor, reform, spitzer, albany, legislator, money, campaign",,
607.0,12.0,"city, million, plan, space, mayor, bloomberg, park, york, center, site",,
608.0,1.0,"state, york, public, governor, reform, spitzer, albany, legislator, money, campaign",,
609.0,14.0,"iraq, american, war, military, force, iraqi, government, troop, washington, leader",,
610.0,13.0,"tax, billion, budget, cut, cost, money, year, pay, million, care",,
611.0,16.0,"state, year, pay, jersey, time, long, make, local, family, change",,
612.0,5.0,"work, people, worker, police, day, immigration, immigrant, year, man, -PRON-",,
613.0,15.0,"election, vote, voter, party, political, candidate, democratic, state, republican, record",,
614.0,11.0,"long, county, island, people, project, land, live, thing, sound, westchester",,
615.0,16.0,"state, year, pay, jersey, time, long, make, local, family, change",,
616.0,0.0,"united, country, states, world, nuclear, program, weapon, china, international, iran",,
617.0,1.0,"state, york, public, governor, reform, spitzer, albany, legislator, money, campaign",,
618.0,1.0,"state, york, public, governor, reform, spitzer, albany, legislator, money, campaign",,
619.0,1.0,"state, york, public, governor, reform, spitzer, albany, legislator, money, campaign",,
620.0,1.0,"state, york, public, governor, reform, spitzer, albany, legislator, money, campaign",,
621.0,2.0,"drug, health, report, study, year, medical, treatment, find, agency, patient",,
622.0,5.0,"work, people, worker, police, day, immigration, immigrant, year, man, -PRON-",,
623.0,3.0,"bush, president, administration, policy, security, national, congress, white_house, americans, nation",,
624.0,10.0,"israel, talk, government, palestinian, political, peace, hope, long, step, leader",,
625.0,11.0,"long, county, island, people, project, land, live, thing, sound, westchester",,
626.0,7.0,"trade, price, company, market, high, job, year, economic, american, economy",,
627.0,2.0,"drug, health, report, study, year, medical, treatment, find, agency, patient",,
628.0,2.0,"drug, health, report, study, year, medical, treatment, find, agency, patient",,
629.0,0.0,"united, country, states, world, nuclear, program, weapon, china, international, iran",,
630.0,0.0,"united, country, states, world, nuclear, program, weapon, china, international, iran",,
631.0,3.0,"bush, president, administration, policy, security, national, congress, white_house, americans, nation",,
632.0,12.0,"city, million, plan, space, mayor, bloomberg, park, york, center, site",,
633.0,14.0,"iraq, american, war, military, force, iraqi, government, troop, washington, leader",,
634.0,6.0,"court, law, judge, case, rule, justice, legal, prison, supreme_court, decision",,
635.0,14.0,"iraq, american, war, military, force, iraqi, government, troop, washington, leader",,
636.0,6.0,"court, law, judge, case, rule, justice, legal, prison, supreme_court, decision",,
637.0,0.0,"united, country, states, world, nuclear, program, weapon, china, international, iran",,
638.0,4.0,"official, department, public, report, case, question, office, ms, fire, government",,
639.0,17.0,"plant, power, energy, emission, fuel, control, reduce, clean, make, technology",,
640.0,4.0,"official, department, public, report, case, question, office, ms, fire, government",,
641.0,0.0,"united, country, states, world, nuclear, program, weapon, china, international, iran",,
642.0,0.0,"united, country, states, world, nuclear, program, weapon, china, international, iran",,
643.0,3.0,"bush, president, administration, policy, security, national, congress, white_house, americans, nation",,
644.0,17.0,"plant, power, energy, emission, fuel, control, reduce, clean, make, technology",,
645.0,4.0,"official, department, public, report, case, question, office, ms, fire, government",,
646.0,3.0,"bush, president, administration, policy, security, national, congress, white_house, americans, nation",,
647.0,2.0,"drug, health, report, study, year, medical, treatment, find, agency, patient",,
648.0,17.0,"plant, power, energy, emission, fuel, control, reduce, clean, make, technology",,
649.0,13.0,"tax, billion, budget, cut, cost, money, year, pay, million, care",,
650.0,12.0,"city, million, plan, space, mayor, bloomberg, park, york, center, site",,
651.0,2.0,"drug, health, report, study, year, medical, treatment, find, agency, patient",,
652.0,7.0,"trade, price, company, market, high, job, year, economic, american, economy",,
653.0,12.0,"city, million, plan, space, mayor, bloomberg, park, york, center, site",,
654.0,1.0,"state, york, public, governor, reform, spitzer, albany, legislator, money, campaign",,
655.0,11.0,"long, county, island, people, project, land, live, thing, sound, westchester",,
656.0,14.0,"iraq, american, war, military, force, iraqi, government, troop, washington, leader",,
657.0,7.0,"trade, price, company, market, high, job, year, economic, american, economy",,
658.0,3.0,"bush, president, administration, policy, security, national, congress, white_house, americans, nation",,
659.0,11.0,"long, county, island, people, project, land, live, thing, sound, westchester",,
660.0,13.0,"tax, billion, budget, cut, cost, money, year, pay, million, care",,
661.0,11.0,"long, county, island, people, project, land, live, thing, sound, westchester",,
662.0,0.0,"united, country, states, world, nuclear, program, weapon, china, international, iran",,
663.0,10.0,"israel, talk, government, palestinian, political, peace, hope, long, step, leader",,
664.0,14.0,"iraq, american, war, military, force, iraqi, government, troop, washington, leader",,
665.0,10.0,"israel, talk, government, palestinian, political, peace, hope, long, step, leader",,
666.0,6.0,"court, law, judge, case, rule, justice, legal, prison, supreme_court, decision",,
667.0,10.0,"israel, talk, government, palestinian, political, peace, hope, long, step, leader",,
668.0,12.0,"city, million, plan, space, mayor, bloomberg, park, york, center, site",,
669.0,17.0,"plant, power, energy, emission, fuel, control, reduce, clean, make, technology",,
670.0,12.0,"city, million, plan, space, mayor, bloomberg, park, york, center, site",,
671.0,9.0,"school, child, high, state, student, education, make, find, problem, work",,
672.0,15.0,"election, vote, voter, party, political, candidate, democratic, state, republican, record",,
673.0,12.0,"city, million, plan, space, mayor, bloomberg, park, york, center, site",,
674.0,7.0,"trade, price, company, market, high, job, year, economic, american, economy",,
675.0,13.0,"tax, billion, budget, cut, cost, money, year, pay, million, care",,
676.0,13.0,"tax, billion, budget, cut, cost, money, year, pay, million, care",,
677.0,5.0,"work, people, worker, police, day, immigration, immigrant, year, man, -PRON-",,
678.0,9.0,"school, child, high, state, student, education, make, find, problem, work",,
679.0,9.0,"school, child, high, state, student, education, make, find, problem, work",,
680.0,14.0,"iraq, american, war, military, force, iraqi, government, troop, washington, leader",,
681.0,6.0,"court, law, judge, case, rule, justice, legal, prison, supreme_court, decision",,
682.0,3.0,"bush, president, administration, policy, security, national, congress, white_house, americans, nation",,
683.0,3.0,"bush, president, administration, policy, security, national, congress, white_house, americans, nation",,
684.0,12.0,"city, million, plan, space, mayor, bloomberg, park, york, center, site",,
685.0,6.0,"court, law, judge, case, rule, justice, legal, prison, supreme_court, decision",,
686.0,11.0,"long, county, island, people, project, land, live, thing, sound, westchester",,
687.0,2.0,"drug, health, report, study, year, medical, treatment, find, agency, patient",,
688.0,17.0,"plant, power, energy, emission, fuel, control, reduce, clean, make, technology",,
689.0,4.0,"official, department, public, report, case, question, office, ms, fire, government",,
690.0,6.0,"court, law, judge, case, rule, justice, legal, prison, supreme_court, decision",,
691.0,5.0,"work, people, worker, police, day, immigration, immigrant, year, man, -PRON-",,
692.0,17.0,"plant, power, energy, emission, fuel, control, reduce, clean, make, technology",,
693.0,13.0,"tax, billion, budget, cut, cost, money, year, pay, million, care",,
694.0,5.0,"work, people, worker, police, day, immigration, immigrant, year, man, -PRON-",,
695.0,6.0,"court, law, judge, case, rule, justice, legal, prison, supreme_court, decision",,
696.0,6.0,"court, law, judge, case, rule, justice, legal, prison, supreme_court, decision",,
697.0,6.0,"court, law, judge, case, rule, justice, legal, prison, supreme_court, decision",,
698.0,6.0,"court, law, judge, case, rule, justice, legal, prison, supreme_court, decision",,
699.0,6.0,"court, law, judge, case, rule, justice, legal, prison, supreme_court, decision",,
700.0,6.0,"court, law, judge, case, rule, justice, legal, prison, supreme_court, decision",,
701.0,6.0,"court, law, judge, case, rule, justice, legal, prison, supreme_court, decision",,
702.0,6.0,"court, law, judge, case, rule, justice, legal, prison, supreme_court, decision",,
703.0,6.0,"court, law, judge, case, rule, justice, legal, prison, supreme_court, decision",,
704.0,6.0,"court, law, judge, case, rule, justice, legal, prison, supreme_court, decision",,
705.0,11.0,"long, county, island, people, project, land, live, thing, sound, westchester",,
706.0,7.0,"trade, price, company, market, high, job, year, economic, american, economy",,
707.0,16.0,"state, year, pay, jersey, time, long, make, local, family, change",,
708.0,16.0,"state, year, pay, jersey, time, long, make, local, family, change",,
709.0,9.0,"school, child, high, state, student, education, make, find, problem, work",,
710.0,2.0,"drug, health, report, study, year, medical, treatment, find, agency, patient",,
711.0,0.0,"united, country, states, world, nuclear, program, weapon, china, international, iran",,
712.0,6.0,"court, law, judge, case, rule, justice, legal, prison, supreme_court, decision",,
713.0,13.0,"tax, billion, budget, cut, cost, money, year, pay, million, care",,
714.0,6.0,"court, law, judge, case, rule, justice, legal, prison, supreme_court, decision",,
715.0,6.0,"court, law, judge, case, rule, justice, legal, prison, supreme_court, decision",,
716.0,7.0,"trade, price, company, market, high, job, year, economic, american, economy",,
717.0,9.0,"school, child, high, state, student, education, make, find, problem, work",,
718.0,6.0,"court, law, judge, case, rule, justice, legal, prison, supreme_court, decision",,
719.0,2.0,"drug, health, report, study, year, medical, treatment, find, agency, patient",,
720.0,1.0,"state, york, public, governor, reform, spitzer, albany, legislator, money, campaign",,
721.0,5.0,"work, people, worker, police, day, immigration, immigrant, year, man, -PRON-",,
722.0,2.0,"drug, health, report, study, year, medical, treatment, find, agency, patient",,
723.0,10.0,"israel, talk, government, palestinian, political, peace, hope, long, step, leader",,
724.0,6.0,"court, law, judge, case, rule, justice, legal, prison, supreme_court, decision",,
725.0,17.0,"plant, power, energy, emission, fuel, control, reduce, clean, make, technology",,
726.0,3.0,"bush, president, administration, policy, security, national, congress, white_house, americans, nation",,
727.0,8.0,"bill, senate, house, congress, pass, senator, law, measure, committee, support",,
728.0,14.0,"iraq, american, war, military, force, iraqi, government, troop, washington, leader",,
729.0,6.0,"court, law, judge, case, rule, justice, legal, prison, supreme_court, decision",,
730.0,14.0,"iraq, american, war, military, force, iraqi, government, troop, washington, leader",,
731.0,12.0,"city, million, plan, space, mayor, bloomberg, park, york, center, site",,
732.0,12.0,"city, million, plan, space, mayor, bloomberg, park, york, center, site",,
733.0,13.0,"tax, billion, budget, cut, cost, money, year, pay, million, care",,
734.0,2.0,"drug, health, report, study, year, medical, treatment, find, agency, patient",,
735.0,14.0,"iraq, american, war, military, force, iraqi, government, troop, washington, leader",,
736.0,9.0,"school, child, high, state, student, education, make, find, problem, work",,
737.0,17.0,"plant, power, energy, emission, fuel, control, reduce, clean, make, technology",,
738.0,2.0,"drug, health, report, study, year, medical, treatment, find, agency, patient",,
739.0,2.0,"drug, health, report, study, year, medical, treatment, find, agency, patient",,
740.0,15.0,"election, vote, voter, party, political, candidate, democratic, state, republican, record",,
741.0,13.0,"tax, billion, budget, cut, cost, money, year, pay, million, care",,
742.0,13.0,"tax, billion, budget, cut, cost, money, year, pay, million, care",,
743.0,7.0,"trade, price, company, market, high, job, year, economic, american, economy",,
744.0,15.0,"election, vote, voter, party, political, candidate, democratic, state, republican, record",,
745.0,5.0,"work, people, worker, police, day, immigration, immigrant, year, man, -PRON-",,
746.0,8.0,"bill, senate, house, congress, pass, senator, law, measure, committee, support",,
747.0,17.0,"plant, power, energy, emission, fuel, control, reduce, clean, make, technology",,
748.0,16.0,"state, year, pay, jersey, time, long, make, local, family, change",,
749.0,3.0,"bush, president, administration, policy, security, national, congress, white_house, americans, nation",,
750.0,12.0,"city, million, plan, space, mayor, bloomberg, park, york, center, site",,
751.0,5.0,"work, people, worker, police, day, immigration, immigrant, year, man, -PRON-",,
752.0,15.0,"election, vote, voter, party, political, candidate, democratic, state, republican, record",,
753.0,5.0,"work, people, worker, police, day, immigration, immigrant, year, man, -PRON-",,
754.0,5.0,"work, people, worker, police, day, immigration, immigrant, year, man, -PRON-",,
755.0,3.0,"bush, president, administration, policy, security, national, congress, white_house, americans, nation",,
756.0,3.0,"bush, president, administration, policy, security, national, congress, white_house, americans, nation",,
757.0,2.0,"drug, health, report, study, year, medical, treatment, find, agency, patient",,
758.0,2.0,"drug, health, report, study, year, medical, treatment, find, agency, patient",,
759.0,4.0,"official, department, public, report, case, question, office, ms, fire, government",,
760.0,11.0,"long, county, island, people, project, land, live, thing, sound, westchester",,
761.0,3.0,"bush, president, administration, policy, security, national, congress, white_house, americans, nation",,
762.0,15.0,"election, vote, voter, party, political, candidate, democratic, state, republican, record",,
763.0,13.0,"tax, billion, budget, cut, cost, money, year, pay, million, care",,
764.0,10.0,"israel, talk, government, palestinian, political, peace, hope, long, step, leader",,
765.0,6.0,"court, law, judge, case, rule, justice, legal, prison, supreme_court, decision",,
766.0,16.0,"state, year, pay, jersey, time, long, make, local, family, change",,
767.0,2.0,"drug, health, report, study, year, medical, treatment, find, agency, patient",,
768.0,7.0,"trade, price, company, market, high, job, year, economic, american, economy",,
769.0,0.0,"united, country, states, world, nuclear, program, weapon, china, international, iran",,
770.0,9.0,"school, child, high, state, student, education, make, find, problem, work",,
771.0,2.0,"drug, health, report, study, year, medical, treatment, find, agency, patient",,
772.0,2.0,"drug, health, report, study, year, medical, treatment, find, agency, patient",,
773.0,17.0,"plant, power, energy, emission, fuel, control, reduce, clean, make, technology",,
774.0,6.0,"court, law, judge, case, rule, justice, legal, prison, supreme_court, decision",,
775.0,17.0,"plant, power, energy, emission, fuel, control, reduce, clean, make, technology",,
776.0,1.0,"state, york, public, governor, reform, spitzer, albany, legislator, money, campaign",,
777.0,4.0,"official, department, public, report, case, question, office, ms, fire, government",,
778.0,17.0,"plant, power, energy, emission, fuel, control, reduce, clean, make, technology",,
779.0,15.0,"election, vote, voter, party, political, candidate, democratic, state, republican, record",,
780.0,7.0,"trade, price, company, market, high, job, year, economic, american, economy",,
781.0,15.0,"election, vote, voter, party, political, candidate, democratic, state, republican, record",,
782.0,1.0,"state, york, public, governor, reform, spitzer, albany, legislator, money, campaign",,
783.0,5.0,"work, people, worker, police, day, immigration, immigrant, year, man, -PRON-",,
784.0,14.0,"iraq, american, war, military, force, iraqi, government, troop, washington, leader",,
785.0,8.0,"bill, senate, house, congress, pass, senator, law, measure, committee, support",,
786.0,7.0,"trade, price, company, market, high, job, year, economic, american, economy",,
787.0,7.0,"trade, price, company, market, high, job, year, economic, american, economy",,
788.0,14.0,"iraq, american, war, military, force, iraqi, government, troop, washington, leader",,
789.0,4.0,"official, department, public, report, case, question, office, ms, fire, government",,
790.0,0.0,"united, country, states, world, nuclear, program, weapon, china, international, iran",,
791.0,7.0,"trade, price, company, market, high, job, year, economic, american, economy",,
792.0,6.0,"court, law, judge, case, rule, justice, legal, prison, supreme_court, decision",,
793.0,9.0,"school, child, high, state, student, education, make, find, problem, work",,
794.0,7.0,"trade, price, company, market, high, job, year, economic, american, economy",,
795.0,14.0,"iraq, american, war, military, force, iraqi, government, troop, washington, leader",,
796.0,5.0,"work, people, worker, police, day, immigration, immigrant, year, man, -PRON-",,
797.0,11.0,"long, county, island, people, project, land, live, thing, sound, westchester",,
798.0,15.0,"election, vote, voter, party, political, candidate, democratic, state, republican, record",,
799.0,0.0,"united, country, states, world, nuclear, program, weapon, china, international, iran",,
800.0,10.0,"israel, talk, government, palestinian, political, peace, hope, long, step, leader",,
801.0,9.0,"school, child, high, state, student, education, make, find, problem, work",,
802.0,11.0,"long, county, island, people, project, land, live, thing, sound, westchester",,
803.0,5.0,"work, people, worker, police, day, immigration, immigrant, year, man, -PRON-",,
804.0,6.0,"court, law, judge, case, rule, justice, legal, prison, supreme_court, decision",,
805.0,12.0,"city, million, plan, space, mayor, bloomberg, park, york, center, site",,
806.0,7.0,"trade, price, company, market, high, job, year, economic, american, economy",,
807.0,2.0,"drug, health, report, study, year, medical, treatment, find, agency, patient",,
808.0,3.0,"bush, president, administration, policy, security, national, congress, white_house, americans, nation",,
809.0,11.0,"long, county, island, people, project, land, live, thing, sound, westchester",,
810.0,11.0,"long, county, island, people, project, land, live, thing, sound, westchester",,
811.0,15.0,"election, vote, voter, party, political, candidate, democratic, state, republican, record",,
812.0,2.0,"drug, health, report, study, year, medical, treatment, find, agency, patient",,
813.0,4.0,"official, department, public, report, case, question, office, ms, fire, government",,
814.0,12.0,"city, million, plan, space, mayor, bloomberg, park, york, center, site",,
815.0,15.0,"election, vote, voter, party, political, candidate, democratic, state, republican, record",,
816.0,17.0,"plant, power, energy, emission, fuel, control, reduce, clean, make, technology",,
817.0,13.0,"tax, billion, budget, cut, cost, money, year, pay, million, care",,
818.0,7.0,"trade, price, company, market, high, job, year, economic, american, economy",,
819.0,15.0,"election, vote, voter, party, political, candidate, democratic, state, republican, record",,
820.0,13.0,"tax, billion, budget, cut, cost, money, year, pay, million, care",,
821.0,12.0,"city, million, plan, space, mayor, bloomberg, park, york, center, site",,
822.0,2.0,"drug, health, report, study, year, medical, treatment, find, agency, patient",,
823.0,14.0,"iraq, american, war, military, force, iraqi, government, troop, washington, leader",,
824.0,0.0,"united, country, states, world, nuclear, program, weapon, china, international, iran",,
825.0,11.0,"long, county, island, people, project, land, live, thing, sound, westchester",,
826.0,9.0,"school, child, high, state, student, education, make, find, problem, work",,
827.0,2.0,"drug, health, report, study, year, medical, treatment, find, agency, patient",,
828.0,11.0,"long, county, island, people, project, land, live, thing, sound, westchester",,
829.0,6.0,"court, law, judge, case, rule, justice, legal, prison, supreme_court, decision",,
830.0,0.0,"united, country, states, world, nuclear, program, weapon, china, international, iran",,
831.0,2.0,"drug, health, report, study, year, medical, treatment, find, agency, patient",,
832.0,14.0,"iraq, american, war, military, force, iraqi, government, troop, washington, leader",,
833.0,9.0,"school, child, high, state, student, education, make, find, problem, work",,
834.0,13.0,"tax, billion, budget, cut, cost, money, year, pay, million, care",,
835.0,16.0,"state, year, pay, jersey, time, long, make, local, family, change",,
836.0,11.0,"long, county, island, people, project, land, live, thing, sound, westchester",,
837.0,10.0,"israel, talk, government, palestinian, political, peace, hope, long, step, leader",,
838.0,10.0,"israel, talk, government, palestinian, political, peace, hope, long, step, leader",,
839.0,17.0,"plant, power, energy, emission, fuel, control, reduce, clean, make, technology",,
840.0,10.0,"israel, talk, government, palestinian, political, peace, hope, long, step, leader",,
841.0,15.0,"election, vote, voter, party, political, candidate, democratic, state, republican, record",,
842.0,7.0,"trade, price, company, market, high, job, year, economic, american, economy",,
843.0,5.0,"work, people, worker, police, day, immigration, immigrant, year, man, -PRON-",,
844.0,13.0,"tax, billion, budget, cut, cost, money, year, pay, million, care",,
845.0,5.0,"work, people, worker, police, day, immigration, immigrant, year, man, -PRON-",,
846.0,14.0,"iraq, american, war, military, force, iraqi, government, troop, washington, leader",,
847.0,6.0,"court, law, judge, case, rule, justice, legal, prison, supreme_court, decision",,
848.0,10.0,"israel, talk, government, palestinian, political, peace, hope, long, step, leader",,
849.0,17.0,"plant, power, energy, emission, fuel, control, reduce, clean, make, technology",,
850.0,13.0,"tax, billion, budget, cut, cost, money, year, pay, million, care",,
851.0,15.0,"election, vote, voter, party, political, candidate, democratic, state, republican, record",,
852.0,12.0,"city, million, plan, space, mayor, bloomberg, park, york, center, site",,
853.0,10.0,"israel, talk, government, palestinian, political, peace, hope, long, step, leader",,
854.0,11.0,"long, county, island, people, project, land, live, thing, sound, westchester",,
855.0,10.0,"israel, talk, government, palestinian, political, peace, hope, long, step, leader",,
856.0,10.0,"israel, talk, government, palestinian, political, peace, hope, long, step, leader",,
857.0,13.0,"tax, billion, budget, cut, cost, money, year, pay, million, care",,
858.0,11.0,"long, county, island, people, project, land, live, thing, sound, westchester",,
859.0,7.0,"trade, price, company, market, high, job, year, economic, american, economy",,
860.0,3.0,"bush, president, administration, policy, security, national, congress, white_house, americans, nation",,
861.0,11.0,"long, county, island, people, project, land, live, thing, sound, westchester",,
862.0,12.0,"city, million, plan, space, mayor, bloomberg, park, york, center, site",,
863.0,13.0,"tax, billion, budget, cut, cost, money, year, pay, million, care",,
864.0,16.0,"state, year, pay, jersey, time, long, make, local, family, change",,
865.0,17.0,"plant, power, energy, emission, fuel, control, reduce, clean, make, technology",,
866.0,14.0,"iraq, american, war, military, force, iraqi, government, troop, washington, leader",,
867.0,8.0,"bill, senate, house, congress, pass, senator, law, measure, committee, support",,
868.0,9.0,"school, child, high, state, student, education, make, find, problem, work",,
869.0,0.0,"united, country, states, world, nuclear, program, weapon, china, international, iran",,
870.0,1.0,"state, york, public, governor, reform, spitzer, albany, legislator, money, campaign",,
871.0,1.0,"state, york, public, governor, reform, spitzer, albany, legislator, money, campaign",,
872.0,11.0,"long, county, island, people, project, land, live, thing, sound, westchester",,
873.0,5.0,"work, people, worker, police, day, immigration, immigrant, year, man, -PRON-",,
874.0,5.0,"work, people, worker, police, day, immigration, immigrant, year, man, -PRON-",,
875.0,17.0,"plant, power, energy, emission, fuel, control, reduce, clean, make, technology",,
876.0,6.0,"court, law, judge, case, rule, justice, legal, prison, supreme_court, decision",,
877.0,11.0,"long, county, island, people, project, land, live, thing, sound, westchester",,
878.0,11.0,"long, county, island, people, project, land, live, thing, sound, westchester",,
879.0,5.0,"work, people, worker, police, day, immigration, immigrant, year, man, -PRON-",,
880.0,0.0,"united, country, states, world, nuclear, program, weapon, china, international, iran",,
881.0,15.0,"election, vote, voter, party, political, candidate, democratic, state, republican, record",,
882.0,11.0,"long, county, island, people, project, land, live, thing, sound, westchester",,
883.0,13.0,"tax, billion, budget, cut, cost, money, year, pay, million, care",,
884.0,0.0,"united, country, states, world, nuclear, program, weapon, china, international, iran",,
885.0,12.0,"city, million, plan, space, mayor, bloomberg, park, york, center, site",,
886.0,16.0,"state, year, pay, jersey, time, long, make, local, family, change",,
887.0,8.0,"bill, senate, house, congress, pass, senator, law, measure, committee, support",,
888.0,0.0,"united, country, states, world, nuclear, program, weapon, china, international, iran",,
889.0,7.0,"trade, price, company, market, high, job, year, economic, american, economy",,
890.0,0.0,"united, country, states, world, nuclear, program, weapon, china, international, iran",,
891.0,15.0,"election, vote, voter, party, political, candidate, democratic, state, republican, record",,
892.0,7.0,"trade, price, company, market, high, job, year, economic, american, economy",,
893.0,4.0,"official, department, public, report, case, question, office, ms, fire, government",,
894.0,6.0,"court, law, judge, case, rule, justice, legal, prison, supreme_court, decision",,
895.0,2.0,"drug, health, report, study, year, medical, treatment, find, agency, patient",,
896.0,5.0,"work, people, worker, police, day, immigration, immigrant, year, man, -PRON-",,
897.0,3.0,"bush, president, administration, policy, security, national, congress, white_house, americans, nation",,
898.0,6.0,"court, law, judge, case, rule, justice, legal, prison, supreme_court, decision",,
899.0,12.0,"city, million, plan, space, mayor, bloomberg, park, york, center, site",,
900.0,5.0,"work, people, worker, police, day, immigration, immigrant, year, man, -PRON-",,
901.0,0.0,"united, country, states, world, nuclear, program, weapon, china, international, iran",,
902.0,14.0,"iraq, american, war, military, force, iraqi, government, troop, washington, leader",,
903.0,5.0,"work, people, worker, police, day, immigration, immigrant, year, man, -PRON-",,
904.0,17.0,"plant, power, energy, emission, fuel, control, reduce, clean, make, technology",,
905.0,1.0,"state, york, public, governor, reform, spitzer, albany, legislator, money, campaign",,
906.0,7.0,"trade, price, company, market, high, job, year, economic, american, economy",,
907.0,13.0,"tax, billion, budget, cut, cost, money, year, pay, million, care",,
908.0,13.0,"tax, billion, budget, cut, cost, money, year, pay, million, care",,
909.0,5.0,"work, people, worker, police, day, immigration, immigrant, year, man, -PRON-",,
910.0,1.0,"state, york, public, governor, reform, spitzer, albany, legislator, money, campaign",,
911.0,1.0,"state, york, public, governor, reform, spitzer, albany, legislator, money, campaign",,
912.0,12.0,"city, million, plan, space, mayor, bloomberg, park, york, center, site",,
913.0,2.0,"drug, health, report, study, year, medical, treatment, find, agency, patient",,
914.0,2.0,"drug, health, report, study, year, medical, treatment, find, agency, patient",,
915.0,5.0,"work, people, worker, police, day, immigration, immigrant, year, man, -PRON-",,
916.0,11.0,"long, county, island, people, project, land, live, thing, sound, westchester",,
917.0,1.0,"state, york, public, governor, reform, spitzer, albany, legislator, money, campaign",,
918.0,1.0,"state, york, public, governor, reform, spitzer, albany, legislator, money, campaign",,
919.0,10.0,"israel, talk, government, palestinian, political, peace, hope, long, step, leader",,
920.0,6.0,"court, law, judge, case, rule, justice, legal, prison, supreme_court, decision",,
921.0,0.0,"united, country, states, world, nuclear, program, weapon, china, international, iran",,
922.0,7.0,"trade, price, company, market, high, job, year, economic, american, economy",,
923.0,0.0,"united, country, states, world, nuclear, program, weapon, china, international, iran",,
924.0,13.0,"tax, billion, budget, cut, cost, money, year, pay, million, care",,
925.0,12.0,"city, million, plan, space, mayor, bloomberg, park, york, center, site",,
926.0,4.0,"official, department, public, report, case, question, office, ms, fire, government",,
927.0,7.0,"trade, price, company, market, high, job, year, economic, american, economy",,
928.0,10.0,"israel, talk, government, palestinian, political, peace, hope, long, step, leader",,
929.0,12.0,"city, million, plan, space, mayor, bloomberg, park, york, center, site",,
930.0,7.0,"trade, price, company, market, high, job, year, economic, american, economy",,
931.0,0.0,"united, country, states, world, nuclear, program, weapon, china, international, iran",,
932.0,5.0,"work, people, worker, police, day, immigration, immigrant, year, man, -PRON-",,
933.0,6.0,"court, law, judge, case, rule, justice, legal, prison, supreme_court, decision",,
934.0,16.0,"state, year, pay, jersey, time, long, make, local, family, change",,
935.0,13.0,"tax, billion, budget, cut, cost, money, year, pay, million, care",,
936.0,6.0,"court, law, judge, case, rule, justice, legal, prison, supreme_court, decision",,
937.0,3.0,"bush, president, administration, policy, security, national, congress, white_house, americans, nation",,
938.0,14.0,"iraq, american, war, military, force, iraqi, government, troop, washington, leader",,
939.0,16.0,"state, year, pay, jersey, time, long, make, local, family, change",,
940.0,4.0,"official, department, public, report, case, question, office, ms, fire, government",,
941.0,12.0,"city, million, plan, space, mayor, bloomberg, park, york, center, site",,
942.0,1.0,"state, york, public, governor, reform, spitzer, albany, legislator, money, campaign",,
943.0,1.0,"state, york, public, governor, reform, spitzer, albany, legislator, money, campaign",,
944.0,7.0,"trade, price, company, market, high, job, year, economic, american, economy",,
945.0,7.0,"trade, price, company, market, high, job, year, economic, american, economy",,
946.0,2.0,"drug, health, report, study, year, medical, treatment, find, agency, patient",,
947.0,2.0,"drug, health, report, study, year, medical, treatment, find, agency, patient",,
948.0,1.0,"state, york, public, governor, reform, spitzer, albany, legislator, money, campaign",,
949.0,14.0,"iraq, american, war, military, force, iraqi, government, troop, washington, leader",,
950.0,17.0,"plant, power, energy, emission, fuel, control, reduce, clean, make, technology",,
951.0,12.0,"city, million, plan, space, mayor, bloomberg, park, york, center, site",,
952.0,13.0,"tax, billion, budget, cut, cost, money, year, pay, million, care",,
953.0,10.0,"israel, talk, government, palestinian, political, peace, hope, long, step, leader",,
954.0,0.0,"united, country, states, world, nuclear, program, weapon, china, international, iran",,
955.0,6.0,"court, law, judge, case, rule, justice, legal, prison, supreme_court, decision",,
956.0,1.0,"state, york, public, governor, reform, spitzer, albany, legislator, money, campaign",,
957.0,1.0,"state, york, public, governor, reform, spitzer, albany, legislator, money, campaign",,
958.0,1.0,"state, york, public, governor, reform, spitzer, albany, legislator, money, campaign",,
959.0,16.0,"state, year, pay, jersey, time, long, make, local, family, change",,
960.0,1.0,"state, york, public, governor, reform, spitzer, albany, legislator, money, campaign",,
961.0,1.0,"state, york, public, governor, reform, spitzer, albany, legislator, money, campaign",,
962.0,1.0,"state, york, public, governor, reform, spitzer, albany, legislator, money, campaign",,
963.0,16.0,"state, year, pay, jersey, time, long, make, local, family, change",,
964.0,8.0,"bill, senate, house, congress, pass, senator, law, measure, committee, support",,
965.0,5.0,"work, people, worker, police, day, immigration, immigrant, year, man, -PRON-",,
966.0,14.0,"iraq, american, war, military, force, iraqi, government, troop, washington, leader",,
967.0,7.0,"trade, price, company, market, high, job, year, economic, american, economy",,
968.0,9.0,"school, child, high, state, student, education, make, find, problem, work",,
969.0,10.0,"israel, talk, government, palestinian, political, peace, hope, long, step, leader",,
970.0,1.0,"state, york, public, governor, reform, spitzer, albany, legislator, money, campaign",,
971.0,14.0,"iraq, american, war, military, force, iraqi, government, troop, washington, leader",,
972.0,17.0,"plant, power, energy, emission, fuel, control, reduce, clean, make, technology",,
973.0,12.0,"city, million, plan, space, mayor, bloomberg, park, york, center, site",,
974.0,0.0,"united, country, states, world, nuclear, program, weapon, china, international, iran",,
975.0,14.0,"iraq, american, war, military, force, iraqi, government, troop, washington, leader",,
976.0,5.0,"work, people, worker, police, day, immigration, immigrant, year, man, -PRON-",,
977.0,12.0,"city, million, plan, space, mayor, bloomberg, park, york, center, site",,
978.0,14.0,"iraq, american, war, military, force, iraqi, government, troop, washington, leader",,
